{
 "multi": {
  "name": "HO multi",
  "acc": 0.7450980392156863,
  "group_acc": 0.7450980392156863,
  "r5": 0.9215686274509803,
  "r8": 0.9411764705882353,
  "gate_excluded": 0,
  "s1_real": 0.7609745098039216,
  "s1_none": 0.5811375
 },
 "syn": {
  "name": "HO syn",
  "acc": 0.803921568627451,
  "group_acc": 0.803921568627451,
  "r5": 0.9607843137254902,
  "r8": 0.9803921568627451,
  "gate_excluded": 0,
  "s1_real": 0.8398156862745098,
  "s1_none": 0.6065125
 },
 "syn_gate": {
  "name": "HO syn+gate",
  "acc": 0.6470588235294118,
  "group_acc": 0.6666666666666666,
  "r5": 0.7254901960784313,
  "r8": 0.7254901960784313,
  "gate_excluded": 14,
  "s1_real": 0.8125019607843138,
  "s1_none": 0.5765625
 }
}